item_name,trip_type,duration_days,weather_severity,departure_hour,rushed_rating,luggage_type,forgotten_flag
65W Laptop Charger,College Presentation,2,0.8,8,5,Backpack,1
MacBook Pro,College Presentation,2,0.8,8,3,Backpack,0
USB-C to HDMI Adapter,College Presentation,2,0.2,7,4,Backpack,1
College ID / Gate Pass,College Presentation,2,0.5,9,4,Backpack,1
20000mAh Power Bank,College Presentation,2,0.3,8,2,Backpack,0
Wireless Earbuds Case,College Presentation,2,0.1,8,1,Backpack,0
Insulated Water Flask,College Presentation,2,0.4,8,2,Backpack,0
Rain Jacket,College Presentation,2,0.9,7,3,Backpack,1
Formal Blazer,College Presentation,2,0.2,9,2,Garment Bag,0
65W Laptop Charger,Hackathon Weekend,3,0.3,18,5,Backpack,1
MacBook Pro,Hackathon Weekend,3,0.3,18,4,Backpack,0
USB-C to HDMI Adapter,Hackathon Weekend,3,0.3,19,5,Backpack,1
Extension Power Strip,Hackathon Weekend,3,0.1,18,4,Duffel,1
College ID / Gate Pass,Hackathon Weekend,3,0.2,18,3,Backpack,1
20000mAh Power Bank,Hackathon Weekend,3,0.2,18,2,Backpack,0
Wireless Mouse,Hackathon Weekend,3,0.1,18,3,Backpack,1
Mechanical Keyboard,Hackathon Weekend,3,0.1,18,2,Backpack,0
65W Laptop Charger,Weekend Home Visit,3,0.1,16,2,Suitcase,1
Toothbrush & Toiletries,Weekend Home Visit,3,0.1,16,2,Toiletry Pouch,0
College ID / Gate Pass,Weekend Home Visit,3,0.1,16,3,Backpack,1
Prescription Meds,Weekend Home Visit,3,0.1,16,4,Backpack,0
Dirty Laundry Bag,Weekend Home Visit,3,0.1,16,2,Duffel,0
Umbrella,Monsoon Trek,2,1.0,6,3,Backpack,0
Backpack Rain Cover,Monsoon Trek,2,1.0,6,4,Backpack,1
Waterproof Phone Pouch,Monsoon Trek,2,0.9,6,4,Backpack,1
Quick Dry Towel,Monsoon Trek,2,0.8,6,3,Backpack,0
Power Bank,Monsoon Trek,2,0.9,6,3,Backpack,0
Electrolyte Sachets,Monsoon Trek,2,0.7,6,2,Backpack,1
65W Laptop Charger,Tech Conference,4,0.4,10,4,Roller Bag,1
Presentation Clicker,Tech Conference,4,0.2,10,5,Laptop Bag,1
Business Cards,Tech Conference,4,0.1,10,3,Laptop Bag,1
USB-C to HDMI Adapter,Tech Conference,4,0.2,10,5,Laptop Bag,1
Laptop Charger,Summer Vacation,7,0.2,14,3,Luggage,1
Sunscreen SPF50,Summer Vacation,7,0.8,14,2,Beach Bag,0
Sunglasses,Summer Vacation,7,0.8,14,3,Backpack,0
Swimming Goggles,Summer Vacation,7,0.7,14,2,Beach Bag,1
Passport & Visas,International Flight,14,0.3,22,5,Document Pouch,0
Universal Travel Adapter,International Flight,14,0.3,22,5,Carry On,1
Forex Card,International Flight,14,0.2,22,4,Wallet,0
Noise Cancelling Headphones,International Flight,14,0.3,22,3,Backpack,0
Neck Pillow,International Flight,14,0.2,22,2,Carry On,0
Luggage Weighing Scale,International Flight,14,0.2,22,4,Luggage,1
SIM Ejector Pin,International Flight,14,0.2,22,5,Wallet,1
65W Laptop Charger,Study Cram Session,1,0.2,20,5,Tote Bag,1
Graphing Calculator,Study Cram Session,1,0.1,20,4,Backpack,1
Notebook & Highlighters,Study Cram Session,1,0.1,20,2,Backpack,0
Student Transit Card,Study Cram Session,1,0.1,20,4,Pocket,1
Gym Clothes & Sneakers,Morning Workout,1,0.1,6,3,Gym Duffel,0
Gym Locker Padlock,Morning Workout,1,0.1,6,4,Gym Duffel,1
Protein Shaker,Morning Workout,1,0.1,6,2,Gym Duffel,0
Shower Gel,Morning Workout,1,0.1,6,3,Gym Duffel,1
